model_name,rmse,mae,mape_pct
Hybrid_ARIMAX_LSTM,229.47202093741726,180.8124489862209,5.935818881173441
ARIMA,232.56838705585818,193.67436257799892,6.385396034658021
ARIMAX,262.6269464497186,217.6260085849581,7.1758179543322695
Tabular_GBM,302.76153549456325,266.14398204789535,8.828672300456605
Standalone_LSTM,438.2406361071793,413.1679803820748,13.817545336358828
