model_name,rmse,mae,mape_pct,notes
Hybrid_ARIMAX_LSTM,218.52645183773163,171.9896551232265,5.6469209963542575,ARIMAX base optimizer reported non-convergence on holdout fit.
ARIMA,232.56838705585818,193.67436257799892,6.385396034658021,
ARIMAX,254.32093294384603,209.2977903270372,6.897668502047415,SARIMAX optimizer reported non-convergence on holdout fit.
Tabular,261.35746200431413,222.22566735341556,7.3434086149173075,Tabular model: GradientBoostingRegressor
