model_name,rmse,mae,mape_pct,notes
ARIMA,113.41923980014452,103.13279352745744,3.4908986528546877,
ARIMAX,129.07258014432352,108.61852401813479,3.7357483121958404,SARIMAX optimizer reported non-convergence on holdout fit.
Hybrid_ARIMAX_LSTM,132.29436779702817,122.9361904099241,4.167785308037023,ARIMAX base optimizer reported non-convergence on holdout fit.
Tabular,165.58434777474392,151.86701603015152,5.117258680239509,Tabular model: GradientBoostingRegressor
