model_name,rmse,mae,mape_pct,notes
ARIMA,697.146489835496,584.085124605385,15.226107871792442,
Tabular,697.9125799330131,585.2928357352943,15.270637707332119,Tabular model: GradientBoostingRegressor
Hybrid_ARIMAX_LSTM,739.0330257366624,625.3789728125661,16.345073603690903,
ARIMAX,816.0682578040028,712.0960924309413,18.77371406235757,
