model_name,rmse,mae,mape_pct
Hybrid_ARIMAX_LSTM,232.02761251023617,183.4788492398584,6.0252673259552445
ARIMA,232.56838460984346,193.67435966197615,6.385395935616719
ARIMAX,262.24863602069235,217.2680668559518,7.163998690358471
Tabular_GBM,302.76153549456325,266.14398204789535,8.828672300456605
Standalone_LSTM,428.7410072704783,386.1109019013543,12.878060808487815
