{
  "crop": "maize",
  "train_size": 64,
  "test_size": 17,
  "model_comparison": {
    "ARIMA": {
      "rmse": 85.01,
      "mae": 71.22,
      "mape_pct": 2.5
    },
    "ARIMAX": {
      "rmse": 0.0,
      "mae": 0.0,
      "mape_pct": 0.0
    },
    "Standalone_LSTM": {
      "rmse": 296.46,
      "mae": 279.85,
      "mape_pct": 9.89
    },
    "Hybrid_ARIMAX_LSTM": {
      "rmse": 0.0,
      "mae": 0.0,
      "mape_pct": 0.0
    }
  },
  "best_model": "ARIMAX",
  "test_actuals": [
    2807.1428571428573,
    2752.8571428571427,
    2740.4761904761904,
    2742.8571428571427,
    2833.333333333333,
    2861.904761904762,
    2878.5714285714284,
    2892.8571428571427,
    2883.333333333333,
    2801.904761904762,
    2781.4285714285716,
    2827.1428571428573,
    2760.0,
    2859.047619047619,
    2821.0,
    2799.1666666666665,
    2850.0
  ],
  "test_predictions": {
    "ARIMA": [
      2746.434236844464,
      2748.005333517293,
      2747.4312063899793,
      2747.508103816811,
      2747.435515961982,
      2747.4243887112716,
      2747.4082324354235,
      2747.40091881449,
      2747.3957037660903,
      2747.3927055938884,
      2747.3908088775197,
      2747.38966051824,
      2747.388951293266,
      2747.388517224607,
      2747.3882504658236,
      2747.3880868343817,
      2747.3879863765032
    ],
    "ARIMAX": [
      2807.1428571428573,
      2752.8571428571427,
      2740.4761904761904,
      2742.8571428571427,
      2833.333333333333,
      2861.9047619047615,
      2878.571428571428,
      2892.857142857142,
      2883.3333333333326,
      2801.9047619047615,
      2781.428571428571,
      2827.142857142857,
      2759.9999999999995,
      2859.0476190476184,
      2820.9999999999995,
      2799.1666666666656,
      2850.0
    ],
    "Standalone_LSTM": [
      2686.37939453125,
      2656.483154296875,
      2629.5634765625,
      2602.900146484375,
      2581.2216796875,
      2562.002685546875,
      2545.08740234375,
      2530.31494140625,
      2517.33154296875,
      2505.91748046875,
      2495.880126953125,
      2487.044921875,
      2479.263671875,
      2472.407470703125,
      2466.36328125,
      2461.03369140625,
      2456.33251953125
    ],
    "Hybrid": [
      2807.1428571428573,
      2752.8571428571427,
      2740.4761904761904,
      2742.8571428571427,
      2833.333333333333,
      2861.9047619047615,
      2878.5714285714284,
      2892.8571428571427,
      2883.333333333333,
      2801.904761904762,
      2781.4285714285716,
      2827.1428571428573,
      2760.0,
      2859.047619047619,
      2821.0,
      2799.166666666666,
      2850.0000000000005
    ]
  },
  "test_dates": [
    "2024-09-08T00:00:00.000000000",
    "2024-09-15T00:00:00.000000000",
    "2024-09-22T00:00:00.000000000",
    "2024-09-29T00:00:00.000000000",
    "2024-10-06T00:00:00.000000000",
    "2024-10-13T00:00:00.000000000",
    "2024-10-20T00:00:00.000000000",
    "2024-10-27T00:00:00.000000000",
    "2024-11-03T00:00:00.000000000",
    "2024-11-10T00:00:00.000000000",
    "2024-11-17T00:00:00.000000000",
    "2024-11-24T00:00:00.000000000",
    "2024-12-01T00:00:00.000000000",
    "2024-12-08T00:00:00.000000000",
    "2024-12-15T00:00:00.000000000",
    "2024-12-29T00:00:00.000000000",
    "2025-01-05T00:00:00.000000000"
  ]
}